Isotope,A0,A0_unc
56CO,261.812792566163,17.582548417585322
