Isotope,A0,A0_unc
56CO,256.9944539615749,16.85359910362004
58CO,2716.3525741878375,478.73423184913156
61CU,56758.730967890246,1143.990834742059
