Isotope,A0,A0_unc
61CU,220380.49108977473,4441.841081947311
