Isotope,A0,A0_unc
58CO,3735.718330951421,inf
61CU,205620.8434783987,4144.3555481768835
