Isotope,A0,A0_unc
58CO,3736.2259003636364,inf
61CU,220380.49108977473,4441.841081947311
