Isotope,A0,A0_unc
56CO,1211.3933866055054,1336.7323760195732
58CO,8398.706957883094,6542.446018558002
61CU,213143.35645473457,4295.974255304452
