Isotope,A0,A0_unc
56CO,256.9944539615749,16.85359910362004
