Isotope,A0,A0_unc
56CO,655.8756136488819,1095.3557481467133
58CO,11035.369769776207,5622.157415750323
61CU,204403.85996716196,3362.6505985231715
