Isotope,A0,A0_unc
56CO,195.41965991684066,1.9411697079227395
58CO,3477.7139824876035,295.6442927768343
61CU,61867.71748559958,1265.457026164407
