Isotope,A0,A0_unc
58CO,5709.463064094319,inf
61CU,210769.46483827534,3911.5592315254958
