Isotope,A0,A0_unc
56CO,195.41965991684066,1.9411697079227395
