Isotope,A0,A0_unc
58CO,5708.687427808714,inf
61CU,196653.5010576076,3649.5885250219026
