Isotope,A0,A0_unc
56CO,195.42782647471986,1.3822710815709303
