Isotope,A0,A0_unc
58CO,2029.814683957918,42.67523904338612
