Isotope,A0,A0_unc
58CO,2029.8146830053117,42.67523814757213
