Isotope,A0,A0_unc
58CO,5709.463064094319,inf
61CU,210769.46467086408,3911.559231355066
