Isotope,A0,A0_unc
58CO,1810.343291902727,9.97669753684683
