Isotope,A0,A0_unc
58CO,4671.007978127567,9.266332716923932
61CU,326995.26336984494,5303.582226233545
