Isotope,A0,A0_unc
58CO,4671.642624718161,9.267591691987594
61CU,350467.27527558757,5684.278089150438
