Isotope,A0,A0_unc
56CO,1837.8094213806767,4543.946488063178
58CO,11907.332351594723,10685.36713504502
61CU,342461.07372555847,6785.608401203181
