Isotope,A0,A0_unc
56CO,507.9098667466238,6.650330827372592
