Isotope,A0,A0_unc
58CO,1810.343584188371,9.976273566091981
