Isotope,A0,A0_unc
56CO,507.91693209926547,8.772734507668872
