Isotope,A0,A0_unc
56CO,507.9098667466238,6.650330827372592
58CO,4088.00172841309,342.923316373095
61CU,84870.05275988282,1681.636212932673
