Isotope,A0,A0_unc
61CU,350467.27527558757,5684.278089150438
