Isotope,A0,A0_unc
58CO,1094.8517316309733,402.34839028951893
61CU,654013.0791957023,18690.088639284084
