Isotope,A0,A0_unc
58CO,1095.00048859536,inf
61CU,700958.7214614445,20031.679842941638
