Isotope,A0,A0_unc
61CU,700958.7214614445,20031.679842941638
