Isotope,A0,A0_unc
56CO,641.5952419875779,11.795990818833952
