Isotope,A0,A0_unc
56CO,641.5952419875779,11.795990818833952
58CO,776.8454624450559,86.69685695270911
61CU,158412.55379852356,5918.140642048123
