Isotope,A0,A0_unc
56CO,2896.0228479459056,2980.2270052157082
58CO,2853.6005352931443,1687.5558662280832
61CU,671685.9266389573,25093.540157273135
