Isotope,A0,A0_unc
56CO,642.8379460389074,15.030405986416387
