Isotope,A0,A0_unc
58CO,25.4491755245494,2.4651448864712098
61CU,430.8579561157332,110.48098008414279
