Isotope,A0,A0_unc
58CO,25.4491755245494,inf
61CU,430.8579561157332,inf
