Isotope,A0,A0_unc
58CO,25.452633286057697,inf
61CU,461.7853246484494,inf
