Isotope,A0,A0_unc
58CO,48.980440825166255,170.84572541895716
61CU,260.655368578721,138.11402431183382
