Isotope,A0,A0_unc
58CO,25.452633286057697,2.465479823966241
61CU,461.7853246484494,118.4114034137288
