Isotope,A0,A0_unc
48V,12367.810902410458,81.7141847549622
46SC,301.4362170806085,3.434365403830543
