Isotope,A0,A0_unc
48V,12360.35920909536,81.66495061632561
46SC,301.4015855517144,3.4339708324821996
