Isotope,A0,A0_unc
48V,21412.566274580688,259.47614231008066
46SC,316.488124679544,3.9123740720603895
