Isotope,A0,A0_unc
48V,21399.665055428068,259.31980441421035
46SC,316.4517638978664,3.911924584714338
