Isotope,A0,A0_unc
48V,10083.278760252526,156.63991477782636
46SC,423.3649475924,7.011882019032889
