Isotope,A0,A0_unc
48V,10089.357669794123,156.73434909843314
46SC,423.41359286337206,7.012687689945556
