Isotope,A0,A0_unc
48V,600.0895099486978,6.903173653751662
46SC,20.57305322754311,0.6210899158274328
