Isotope,A0,A0_unc
48V,600.4512860881874,6.907335400268808
46SC,20.575417102354017,0.6211612800249608
