Isotope,A0,A0_unc
48V,10.478980190324387,0.1811105138395674
46SC,1.7690322124431181,0.3808031478343615
