Isotope,A0,A0_unc
48V,10.472666530798795,0.18100139346918212
46SC,1.7688289713292786, 0.38075939800585357
