Isotope,A0,A0_unc
88Y,116.78945492649326,inf
92Y,36366139.27523266,36541701.29631871
