Isotope,A0,A0_unc
96NB,2697.4154970961185,91.98756058631949
90NB,376019.0947330614,7403.303422154416
