Isotope,A0,A0_unc
90Ym,20523.343298982818,1671.1827605964402
