Isotope,A0,A0_unc
90NB,378319.15295609453,5259.250426196696
96NB,2670.856094086,91.08182874167
