Isotope,A0,A0_unc
96NB,2697.4154970961185,91.98756058631949
