Isotope,A0,A0_unc
90NB,384353.4312673248,5343.220069891254
96NB,2708.110111238097,82.51538177495026
