Isotope,A0,A0_unc
90NB,563606.2133861218,7192.568979783662
96NB,6111.882069703265,181.1716360371406
