Isotope,A0,A0_unc
90NB,572755.8673169577,7343.737937745464
96NB,6049.888316926188,136.54259284549067
