Isotope,A0,A0_unc
92Y,828428389.74047,169561317.07128638
