Isotope,A0,A0_unc
96NB,6172.659556205624,182.97323670318542
90NB,566363.868799972,18765.46998300398
