Isotope,A0,A0_unc
90NB,258389.81309118122,3470.939506705874
96NB,19166.13033649736,241.55077825410848
