Isotope,A0,A0_unc
88Y,47.7943395392983,inf
91Y,6561.032454588736,inf
92Y,20826837989.49642,14087549347.504572
