Isotope,A0,A0_unc
96NB,19932.065856578076,448.0321364096455
