Isotope,A0,A0_unc
90NB,254772.14860646334,3941.1943037739015
96NB,19735.809950554703,443.6207041368106
