Isotope,A0,A0_unc
96NB,19932.06584383489,448.03213451648054
90NB,261004.63862790662,10823.611595071565
