Isotope,A0,A0_unc
90NB,385.3719744569144,8.020765359488912
