Isotope,A0,A0_unc
90NB,456.01655980180703,42.910337559541254
