Isotope,A0,A0_unc
96NB,5027.559839198865,91.30077591813044
