Isotope,A0,A0_unc
96NB,4903.921483635951,72.52303571303452
