Isotope,A0,A0_unc
90NB,465.9643830471556,6.569728790490441
96NB,4978.057275213126,90.40180672049638
