Isotope,A0,A0_unc
88Y,2.919111197099552,inf
91Y,5202.49342892739,574.1396870149977
92Y,244377.2212843125,144545.63382381687
