Isotope,A0,A0_unc
90NB,188.9988259747049,inf
96NB,10.17840707507079,inf
