Isotope,A0,A0_unc
90NB,186.03140902572693,inf
96NB,10.078188037043795,inf
