Foil,Energy,Energy_min_unc,Energy_plus_unc,xs,xs_unc
Ni04,8.848522071305181,1.318522071305182,1.4414779286948178,1.0793583591336253,0.42336106242406
