Foil,Energy,Energy_min_unc,Energy_plus_unc,xs,xs_unc
Ni01,27.35133924,0.6213392400000011,0.6386607599999969,10.214473578795387,1.4332537918108306
