foil, isotope, R, var_R 
Ni05, 61CU, 6962.308940038464, 3186611.4284501383 
