foil, isotope, R, var_R 
Ni03, 56CO, 80019.86355281452, 13026912148.560087 
