foil, isotope, R, var_R 
Ni01, 56CO, 2169521.09785959, 40746500249.3865 
Ni02, 56CO, 1476089.7466854989, 15235993974.88479 
Ni03, 56CO, 80019.84667992665, 13026911664.03847 
Ni04, 56CO, 5473.656499995932, 1590997474.5012643 
