foil, isotope, R, var_R 
Ni01, 56CO, 2178630.70850573, 79210311435.33737 
