foil, isotope, R, var_R 
Ni01, 56CO, 2169521.09785959, 40746500249.3865 
Ni02, 56CO, 1476089.7466854989, 15235993974.88479 
Ni03, 56CO, 80019.86427578327, 13026911551.907001 
Ni04, 56CO, 5473.6296904256515, 1590997512.8137207 
Ni01, 58CO, 20199273.208990164, 12677668852666.908 
Ni02, 58CO, 29193930.635258626, 13065898583956.537 
Ni03, 58CO, 30499212.856004238, 6118630543244.993 
Ni04, 58CO, 5781521.310442338, 424346867474.8986 
Ni05, 58CO, 156869.77043945133, 2413771927.9463134 
