foil, isotope, R, var_R 
Ni01, 58CO, 30532564.203379687, 31965815383054.86 
Ni02, 58CO, 49472808.5922603, 66444285067235.02 
Ni03, 58CO, 36593672.82705612, 16809566339118.447 
Ni04, 58CO, 11309820.683443172, 1606334608995.1604 
Ni05, 58CO, 188312.63855389305, 70510.31703566588 
