filename,isotope,energy,counts,unc_counts,intensity,unc_intensity,efficiency,unc_efficiency,decays,unc_decays,decay_rate,unc_decay_rate,chi2,start_time,live_time,real_time
../../../2017_Feb_Zr/50MeV/AC120217_Zr08_50cm_50MeV.Spe,86Y,1076.63,121.85806407033012,51.122866524338875,0.8250000000000001,0.04125,0.00019519173339980922,1.9784393013836833e-05,832103.4809438086,369311.0990727322,1477.9813160636031,655.9699805909986,1.7089616517129842,02/12/2017 20:24:41,512.0,563.0
