foil, isotope, R, var_R 
Ni03, 56CO, 312553.9000769256, 134750357328.27603 
