Isotope,R,R_unc,Rel_R_unc_in_percent
61CUg,3100132.8115053806,62484.19392899092,2.02e+00
