Isotope,R,R_unc,Rel_R_unc_in_percent
61CUg,2964932.738863131,55024.62172995072,1.86e+00
