Isotope,R,R_unc,Rel_R_unc_in_percent
61CUg,4930087.478985181,79961.78328896101,1.62e+00
