Isotope,R,R_unc,Rel_R_unc_in_percent
61CUg,9860514.968169304,281789.315490574,2.86e+00
