Isotope,R,R_unc,Rel_R_unc_in_percent
61CUg,6496.018906696415,1665.5533354364259,2.56e+01
