Isotope,R,R_unc,Rel_R_unc_in_percent
46SCg,180878.72177972802,5460.635766513634,3.02e+00
48Vg,1006044.9676981021,11573.112013617625,1.15e+00
