Isotope,R,R_unc,Rel_R_unc_in_percent
46SCg,15551.581957431166,3347.648942825824,2.15e+01
48Vg,17557.336508985685,303.4472983553943,1.73e+00
