Isotope,R,R_unc,Rel_R_unc_in_percent
48Vg,17557.336508985685,303.4472983553943,1.73e+00
