Isotope,R,R_unc,Rel_R_unc_in_percent
44SCg,3.2298594132449784e+21,2.6638072243767387e+21,8.25e+01
46SCg,5999345.085901009,91661.85600770455,1.53e+00
47SCg,4393442.126719902,27103.735193176224,6.17e-01
48SCg,867374.2990927172,193793.38821401837,2.23e+01
48Vg,4403490.2429873515,164219.85495888468,3.73e+00
