Isotope,R,R_unc,Rel_R_unc_in_percent
48SCg,867374.2990927172,193793.38821401837,2.23e+01
