Isotope,R,R_unc,Rel_R_unc_in_percent
48SCg,822109.6147221251,164237.42980774047,2.00e+01
