Isotope,R,R_unc,Rel_R_unc_in_percent
48SCg,839805.7633136156,146629.6935487079,1.75e+01
