Isotope,R,R_unc,Rel_R_unc_in_percent
48SCg,828218.5091005745,161595.83154866452,1.95e+01
