Isotope,R,R_unc,Rel_R_unc_in_percent
90NB,24337131.74904858,333457.3939659371,1.37e+00
96NB,273982.8818101583,9343.394414679116,3.41e+00
