Isotope,R,R_unc,Rel_R_unc_in_percent
95ZRg,5109709.938807222,6017300.103329329,1.18e+02
95NBg,1596051.7495324558,276993.8050799023,1.74e+01
95NBm1,479316.9244757977,61786.1056030779,1.29e+01
