Isotope,R,R_unc,Rel_R_unc_in_percent
92NBm1,2186054.0193285653,70140.64142906775,3.21e+00
