Isotope,R,R_unc,Rel_R_unc_in_percent
95ZRg,1663554.7392285,40827.3156125897,2.45e+00
95NBg,2403722.980095178,87662.87352399838,3.65e+00
95NBm1,530038.5251622226,59680.63370924403,1.13e+01
