Isotope,R,R_unc,Rel_R_unc_in_percent
92NBm1,3557859.1802257323,18012.771739343967,5.06e-01
