Isotope,R,R_unc,Rel_R_unc_in_percent
90NB,36256580.08961149,452057.21590825537,1.25e+00
96NB,626971.6533645912,18585.02508211945,2.96e+00
