Isotope,R,R_unc,Rel_R_unc_in_percent
90NB,16389398.469692443,247115.91658541,1.51e+00
96NB,2024547.1444339943,45507.6853669075,2.25e+00
