Isotope,R,R_unc,Rel_R_unc_in_percent
95ZRg,2718169.038414177,63190.07671068609,2.32e+00
95NBg,941029.3084364142,38431.2765897145,4.08e+00
95NBm1,393520.5018254647,30834.564793027846,7.84e+00
