Isotope,R,R_unc,Rel_R_unc_in_percent
95ZRg,1863251.4859529098,30545.747363011604,1.64e+00
95NBg,977346.7496326318,36637.40121117905,3.75e+00
95NBm1,457057.1134431389,43463.816748870464,9.51e+00
