Isotope,R,R_unc,Rel_R_unc_in_percent
90NB,29975.317057457196,345.0745083725195,1.15e+00
96NB,510661.16213749716,9273.636052979862,1.82e+00
