Isotope,R,R_unc,Rel_R_unc_in_percent
90NB,11967.33201270588,829.046913419828,6.93e+00
96NB,1033.8449179525692,267.47861150773076,2.59e+01
