Isotope,R,R_unc,Rel_R_unc_in_percent
92NBm1,4087.6387864264343,620.6389790554158,1.52e+01
