Isotope,R,R_unc,Rel_R_unc_in_percent
95ZRg,4863.6677011721185,634.7399290458326,1.31e+01
95NBg,1280.575570128767,167.1233514422607,1.31e+01
95NBm1,0.0006881213781983689,8.980426739830356e-05,1.31e+01
