Isotope,R,R_unc,Rel_R_unc_in_percent
86Yg,2364980.882014325,57617.39545853279,2.44e+00
