Isotope,R,R_unc,Rel_R_unc_in_percent
92NBm1,1598385.7191059557,29138.523874609065,1.82e+00
