Isotope,R,R_unc,Rel_R_unc_in_percent
86Yg,2759631.955277556,61196.51759511412,2.22e+00
