Isotope,R,R_unc,Rel_R_unc_in_percent
92NBm1,2036699.0578233083,55664.53515015174,2.73e+00
