Isotope,R,R_unc,Rel_R_unc_in_percent
86Yg,2087149.3009422433,57385.43053765512,2.75e+00
