Isotope,R,R_unc,Rel_R_unc_in_percent
92NBm1,2217829.0979180136,69200.25027373742,3.12e+00
