Isotope,R,R_unc,Rel_R_unc_in_percent
86Yg,765352.8228895583,32719.886752183807,4.28e+00
