Isotope,R,R_unc,Rel_R_unc_in_percent
92NBm1,1574604.8205646132,65619.96501400914,4.17e+00
