filename,isotope,energy,counts,unc_counts,intensity,unc_intensity,efficiency,unc_efficiency,decays,unc_decays,decay_rate,unc_decay_rate,chi2,start_time,live_time,real_time
../../../2017_Feb_Zr/50MeV/AA120217_Zr10_50cm_50MeV.Spe,86Y,1076.63,59.65007887407907,40.24562998302121,0.8250000000000001,0.04125,0.00019519179221708547,1.963482984912181e-05,400671.97653208266,278919.81371749705,617.3682226996651,429.7685881625532,1.447193141893201,02/12/2017 19:57:38,600.0,649.0
