{
    "engcal": [
        -0.4934957995356039,
        0.4029453994597169,
        -1.5683076961023336e-08
    ],
    "effcal": [
        0.0009875638132736265,
        51.07112289459216,
        1.6025003975158674,
        1.2827567262574184,
        1.0115443509128947
    ],
    "unc_effcal": [
        [
            4.262547548358462e-06,
            111.66540471771863,
            0.0013683195161270614,
            0.00839117943045873,
            -0.012966193154041872
        ],
        [
            111.66540471771863,
            365904582188.5613,
            202033.72365998395,
            419307.32763522654,
            -475410.4712379421
        ],
        [
            0.0013683195161270612,
            202033.72365998395,
            0.7320316828167832,
            3.2420032504703338,
            -4.574547682030244
        ],
        [
            0.00839117943045873,
            419307.32763522654,
            3.2420032504703338,
            17.812254692366718,
            -26.558631251412542
        ],
        [
            -0.012966193154041874,
            -475410.4712379421,
            -4.574547682030245,
            -26.558631251412542,
            40.28333396861942
        ]
    ],
    "rescal": [
        1.1519139085675612,
        0.0010964769524553298
    ],
    "_calib_data": {
        "engcal": {
            "channel": [
                194.88120000376546,
                201.74699270449648,
                399.8287729476282,
                687.1369996913655,
                752.8451307280981,
                884.7569057081753,
                953.8316319875743,
                1642.964470587675,
                303.2986436764679,
                608.5843255355509,
                735.3866011554333,
                855.6772746341305,
                914.0774420029023,
                1021.4837921754247,
                1102.8224702623984,
                1105.661199999876,
                1214.0975465594222,
                1401.3107471187923,
                1455.8312199175612,
                1682.9547343208997,
                1710.1344761596831,
                1933.9265000973348,
                2153.2131510651548,
                2283.308490637903,
                2393.11785236748,
                2494.841447324145,
                2695.6903164144496,
                2707.698804117296,
                2760.2251459504732,
                3010.4140608426515,
                3224.552221677219,
                3494.1692751005708,
                3622.1701999999996,
                3791.001817031678,
                2104.485719939691,
                2579.172915378713,
                3076.657606084317,
                3380.0249999999996,
                4397.236965210787,
                5053.882090839516,
                6454.177291659899,
                7947.532413550161
            ],
            "energy": [
                79.6142,
                80.9979,
                160.612,
                276.3989,
                302.8508,
                356.0129,
                383.8485,
                661.657,
                121.7817,
                244.6974,
                295.9387,
                344.2785,
                367.7891,
                411.1165,
                443.9606,
                444.01,
                488.6792,
                563.986,
                586.2648,
                678.623,
                688.67,
                778.9045,
                867.38,
                919.337,
                964.057,
                1005.27,
                1085.837,
                1089.737,
                1112.076,
                1212.948,
                1299.142,
                1408.013,
                1457.643,
                1528.1,
                846.77,
                1037.843,
                1238.288,
                1360.212,
                1771.357,
                2034.791,
                2598.5,
                3202.029
            ],
            "unc_channel": [
                0.8592613625514893,
                0.05089554038404116,
                0.06504140713073361,
                0.011175963450935102,
                0.009478881254932677,
                0.00893382302676059,
                0.012194147490630648,
                0.015036796899459498,
                0.013734820617769738,
                0.006609374744002091,
                0.041297831984842166,
                0.003911007134748541,
                0.03911058433855909,
                0.020319850209698814,
                0.03742479398769025,
                6.9230043600956055,
                0.09219885224043212,
                0.06926301969206033,
                0.15693360407180565,
                0.16189246229304605,
                0.07420919163610036,
                0.01762285729026615,
                0.02835525988638582,
                0.20806140505889886,
                0.02188535183787931,
                0.12402567530478764,
                0.03473628189075004,
                0.14797626222380633,
                0.0298410925333054,
                0.0769768130864097,
                0.0978699840121384,
                0.040544755897450775,
                0.11887361416067704,
                0.13639054342741638,
                0.016750202175032206,
                0.05632781627922953,
                0.03003207084563268,
                0.1902849410631675,
                0.2904328145290619,
                0.13769387703716715,
                0.20651986778889928,
                0.36900550251505304
            ],
            "fit": [
                -0.4934957995356039,
                0.4029453994597169,
                -1.5683076961023336e-08
            ],
            "unc": [
                [
                    0.011211212402147983,
                    -1.5964958207238563e-05,
                    4.016740878188564e-09
                ],
                [
                    -1.5964958207238563e-05,
                    2.490655952943538e-08,
                    -6.633316334410027e-12
                ],
                [
                    4.016740878188564e-09,
                    -6.633316334410027e-12,
                    1.961591503381829e-15
                ]
            ]
        },
        "rescal": {
            "channel": [
                201.74699270449648,
                399.8287729476282,
                687.1369996913655,
                752.8451307280981,
                884.7569057081753,
                953.8316319875743,
                1642.964470587675,
                303.2986436764679,
                608.5843255355509,
                735.3866011554333,
                855.6772746341305,
                914.0774420029023,
                1021.4837921754247,
                1102.8224702623984,
                1214.0975465594222,
                1401.3107471187923,
                1455.8312199175612,
                1682.9547343208997,
                1710.1344761596831,
                1933.9265000973348,
                2153.2131510651548,
                2283.308490637903,
                2393.11785236748,
                2494.841447324145,
                2760.2251459504732,
                3010.4140608426515,
                3224.552221677219,
                3494.1692751005708,
                3622.1701999999996,
                2104.485719939691,
                2579.172915378713,
                3076.657606084317,
                3380.0249999999996,
                4397.236965210787,
                5053.882090839516,
                6454.177291659899,
                7947.532413550161
            ],