{
    "engcal": [
        -0.3941711813474936,
        0.4024344800818531,
        1.020592480952394e-07
    ],
    "effcal": [
        0.007500602503689992,
        99.99303206644358,
        1.8103270712880777,
        1.7012576568997058,
        0.6144109435437728
    ],
    "unc_effcal": [
        [
            6.57102859173853e-07,
            3.7382890166699873e-19,
            0.00012492480091024782,
            0.00032236959253362593,
            -0.0001955094474739398
        ],
        [
            3.7382890166699873e-19,
            2.3006818424108483e-31,
            8.04617990176644e-17,
            1.9844582396572367e-16,
            -1.1649728782800402e-16
        ],
        [
            0.00012492480091024784,
            8.046179901766441e-17,
            0.030016908941222234,
            0.0691543476866035,
            -0.039658522139505374
        ],
        [
            0.000322369592533626,
            1.984458239657237e-16,
            0.0691543476866035,
            0.1712283198734932,
            -0.10054173044149067
        ],
        [
            -0.0001955094474739398,
            -1.1649728782800402e-16,
            -0.03965852213950537,
            -0.10054173044149067,
            0.05990832380174666
        ]
    ],
    "rescal": [
        1.2252466911532371,
        0.001093102421728539
    ],
    "_calib_data": {
        "engcal": {
            "channel": [
                1644.288718230416,
                303.5281425744719,
                608.9892675173301,
                736.3929751117652,
                819.5188427021246,
                856.2952583839962,
                914.6255704387454,
                1022.274960580464,
                1103.9657376877894,
                1100.2069644239455,
                1215.042621852865,
                1251.0069060884366,
                1402.8046968364172,
                1456.867215616235,
                1685.3793509813313,
                1711.2335920603903,
                1788.5711961000466,
                1935.3314654354012,
                2013.6120474385286,
                2155.0619863867073,
                2284.3398506014855,
                2303.295285949893,
                2394.950119957402,
                2497.1577854719894,
                2697.6311027112542,
                2708.6223999999997,
                2762.266111118792,
                3013.040638541794,
                3105.7861157158677,
                3226.516213159787,
                3496.8693147885083,
                3619.5777937737193,
                3795.5431099151856
            ],
            "energy": [
                661.657,
                121.7817,
                244.6974,
                295.9387,
                329.41,
                344.2785,
                367.7891,
                411.1165,
                443.9606,
                444.01,
                488.6792,
                503.467,
                563.986,
                586.2648,
                678.623,
                688.67,
                719.346,
                778.9045,
                810.451,
                867.38,
                919.337,
                926.31,
                964.057,
                1005.27,
                1085.837,
                1089.737,
                1112.076,
                1212.948,
                1249.94,
                1299.142,
                1408.013,
                1457.643,
                1528.1
            ],
            "unc_channel": [
                0.020256075416323804,
                0.003752957336567328,
                0.00436221259790371,
                0.02858466223142739,
                0.09562779151559242,
                0.003915884685364145,
                0.018680439553180345,
                0.018692906939019416,
                0.04817205655600891,
                0.3013922645221561,
                0.05807180373866337,
                0.13777092566719865,
                0.05881638599660027,
                0.05639486487735067,
                0.10941542167386795,
                0.05662851906516052,
                0.12181527038517119,
                0.01459450010861503,
                0.1237516597994218,
                0.019197724117124504,
                0.10675081772019253,
                0.20249655255194166,
                0.020340188479448663,
                0.05273598291816677,
                0.03595516368193741,
                0.16908606261497236,
                0.026467986047659257,
                0.05311471302014297,
                0.20049423765025143,
                0.06520421485250291,
                0.03767671543550542,
                0.13698602141411256,
                0.09776491999088177
            ],
            "fit": [
                -0.3941711813474936,
                0.4024344800818531,
                1.020592480952394e-07
            ],
            "unc": [
                [
                    0.0004057549602758839,
                    -7.438169159001318e-07,
                    2.2735087893017256e-10
                ],
                [
                    -7.438169159001318e-07,
                    1.6005021973912463e-09,
                    -5.25087942879356e-13
                ],
                [
                    2.2735087893017256e-10,
                    -5.25087942879356e-13,
                    1.9317638037121014e-16
                ]
            ]
        },
        "rescal": {
            "channel": [
                1644.288718230416,
                608.9892675173301,
                736.3929751117652,
                819.5188427021246,
                856.2952583839962,
                914.6255704387454,
                1022.274960580464,
                1103.9657376877894,
                1100.2069644239455,
                1215.042621852865,
                1251.0069060884366,
                1456.867215616235,
                1685.3793509813313,
                1711.2335920603903,
                1788.5711961000466,
                1935.3314654354012,
                2013.6120474385286,
                2155.0619863867073,
                2284.3398506014855,
                2303.295285949893,
                2394.950119957402,
                2497.1577854719894,
                2708.6223999999997,
                2762.266111118792,
                3013.040638541794,
                3105.7861157158677,
                3226.516213159787,
                3496.8693147885083,
                3619.5777937737193,
                3795.5431099151856
            ],
            "width": [
                2.972278523438843,
                1.8551036136103252,
                1.9231894991968908,
                1.6304073394937562,
                2.132006084316771,
                2.334820228588298,
                2.333677788591084,
                2.1950748047487094,
                1.6272000003229652,
                2.5321615839775995,
                1.9234836484966704,
                3.0943231537539533,
                4.010399999999999,
                3.185871569151878,
                3.245905545294404,
                3.346640733320051,
                3.2023759357701884,
                3.6288748160521647,
                3.501681359622311,
                3.778466604762932,
                3.878955823310125,
                3.844534098718146,
                3.059915554176575,
                4.409561327522985,
                4.554236297560511,
                4.661936660819884,
                4.831088272368758,
                5.096399999999999,
                5.1701999999999995,
                5.275199999999999
            ],