{
    "engcal": [
        -0.9156856434854724,
        0.3840670728752899,
        -1.0721016022601985e-07
    ],
    "effcal": [
        0.0012538439749956054,
        96.96858503059379,
        1.9700466244482968,
        2.4604209841530342,
        5.999999999972715
    ],
    "unc_effcal": [
        [
            0.004849493884571245,
            2.056498118984197e-12,
            0.07547571969972701,
            0.2646738271552148,
            -24.164497141192133
        ],
        [
            2.0564981189841974e-12,
            8.721319754066864e-22,
            3.208853153060045e-11,
            1.1241509414817444e-10,
            -1.0247821555996145e-08
        ],
        [
            0.07547571969972702,
            3.208853153060045e-11,
            1.3380898036378177,
            4.450296593243974,
            -377.04581277864344
        ],
        [
            0.2646738271552148,
            1.1241509414817442e-10,
            4.450296593243974,
            15.150821557201134,
            -1320.903079340165
        ],
        [
            -24.164497141192133,
            -1.0247821555996145e-08,
            -377.04581277864344,
            -1320.903079340165,
            120415.08592328615
        ]
    ],
    "rescal": [
        0.8783286364886459,
        0.0006051826608388127
    ],
    "_calib_data": {
        "engcal": {
            "channel": [
                210.87160000000014,
                220.93280521358977,
                722.5644000000001,
                791.5230000000001,
                930.4396000000002,
                1002.3964000000088,
                1725.9620000000002,
                320.8056000000001,
                640.6136000000001,
                899.4582000000065,
                1073.3538000000003,
                1159.3022000000003,
                2031.509186462775,
                2262.276737401431,
                2514.2997031762015,
                2831.9608216175097,
                2900.2880876558847,
                3388.352745813356,
                3672.086916150815,
                3986.675619079809
            ],
            "energy": [
                79.6142,
                80.9979,
                276.3989,
                302.8508,
                356.0129,
                383.8485,
                661.657,
                121.7817,
                244.6974,
                344.2785,
                411.1165,
                443.9606,
                778.9045,
                867.38,
                964.057,
                1085.837,
                1112.076,
                1299.142,
                1408.013,
                1528.1
            ],
            "unc_channel": [
                0.6761610501021,
                1.0875680071383949,
                0.21440998587518745,
                0.22762278727339336,
                0.3342833527383891,
                0.09501761207581579,
                0.007341330382785871,
                1.5610704240392599,
                0.542166621890492,
                0.1477750978322684,
                0.07067946885067371,
                0.10346060042997259,
                0.013379325688710773,
                0.016419672046772672,
                0.009644341602120956,
                0.047165488410288205,
                0.01372592641388974,
                0.03260597995627351,
                0.016581710799395563,
                0.09526248222875264
            ],
            "fit": [
                -0.9156856434854724,
                0.3840670728752899,
                -1.0721016022601985e-07
            ],
            "unc": [
                [
                    0.015176676239158835,
                    -1.240335249954634e-05,
                    2.3676602212176754e-09
                ],
                [
                    -1.240335249954634e-05,
                    1.0348142186371515e-08,
                    -2.0108985530639237e-12
                ],
                [
                    2.3676602212176754e-09,
                    -2.0108985530639237e-12,
                    3.9842785393384146e-16
                ]
            ]
        },
        "rescal": {
            "channel": [
                722.5644000000001,
                791.5230000000001,
                1002.3964000000088,
                1725.9620000000002,
                899.4582000000065,
                1073.3538000000003,
                1159.3022000000003,
                2262.276737401431,
                2514.2997031762015,
                2831.9608216175097,
                2900.2880876558847,
                3388.352745813356,
                3672.086916150815,
                3986.675619079809
            ],
            "width": [
                1.5269333334407307,
                1.5453333333365329,
                1.6016000000449848,
                1.881731688883575,
                1.5741333336653482,
                1.6391948860221535,
                1.819751857072307,
                2.3171008849861887,
                2.420217059172213,
                2.690274383904829,
                2.6347146299448974,
                2.8442616517664874,
                3.0312049539368178,
                3.7649414983747542
            ],
            "unc_width": [
                0.4516719355138025,
                0.4346417379435381,
                0.22732003176948623,
                0.017386989343404102,
                0.3328674204213075,
                0.19168368140963543,
                0.27889534895973045,
                0.04727542241922425,
                0.025552865244854752,
                0.13003950688373897,
                0.03692909495953669,
                0.09088857762948166,
                0.04185791760976989,
                0.20617412671247967
            ],
            "fit": [
                0.8783286364886459,
                0.0006051826608388127
            ],
            "unc": [
                [
                    0.004477825027907303,
                    -1.8604615251856951e-06
                ],
                [
                    -1.8604615251856951e-06,
                    8.311830204425014e-10
                ]
            ]
        },
        "effcal": {
            "energy": [
                383.8485,
                661.657,
                344.2785,
                411.1165,
                443.9606,
                778.9045,
                867.38,
                964.057,
                1085.837,
                1112.076,
                1299.142,
                1408.013,
                1528.1
            ],
            "efficiency": [
                0.004451753507599567,
                0.004301483140944069,
                0.003706254943942583,
                0.004997885605027751,
                0.004513528057395834,
                0.003746358189955328,
                0.0034688880381961314,
                0.003218808825127017,
                0.0031059770360081724,
                0.002957005635522747,
                0.002612043583858553,
                0.002469665232462366,
                0.0028494579734075127
            ],
            "unc_efficiency": [
                0.0007732077073774727,
                5.49132096876543e-05,
                0.0009709890230014641,
                0.0006033834504937962,
                0.0007249380146405296,
                7.2670142028529e-05,
                7.541984082217206e-05,
                4.223229129077435e-05,
                0.0001666627717230441,
                4.970552840004003e-05,
                9.006878263566742e-05,
                4.3562372513481596e-05,
                0.00023644150488290737
            ],
            "fit": [
                0.0012538439749956054,
                96.96858503059379,
                1.9700466244482968,
                2.4604209841530342,
                5.999999999972715
            ],