{
    "engcal": [
        -0.8923039839732817,
        0.38404784177024764,
        -1.0434346143353702e-07
    ],
    "effcal": [
        0.0006127921305867676,
        99.50432412258635,
        2.1325926812758214,
        2.6108821426674425,
        5.999999999336411
    ],
    "unc_effcal": [
        [
            0.0013779171747654803,
            3.0871370896773186e-13,
            0.04330964763309242,
            0.12109274157302641,
            -13.93748208504567
        ],
        [
            3.087137089677318e-13,
            6.916748067711274e-23,
            9.722161320725589e-12,
            2.7162748501050435e-11,
            -3.122700201224184e-09
        ],
        [
            0.04330964763309242,
            9.722161320725589e-12,
            1.5437724127722616,
            4.102287897769384,
            -438.9212055076872
        ],
        [
            0.1210927415730264,
            2.7162748501050435e-11,
            4.102287897769384,
            11.149417646261407,
            -1226.3070922859838
        ],
        [
            -13.937482085045666,
            -3.122700201224184e-09,
            -438.9212055076872,
            -1226.3070922859838,
            140980.36331923972
        ]
    ],
    "rescal": [
        0.8684571091998811,
        0.0005958101059205811
    ],
    "_calib_data": {
        "engcal": {
            "channel": [
                210.87160000000264,
                220.9505436076604,
                722.5644000000001,
                791.5230000000001,
                930.4396000000002,
                1002.3964000000001,
                1725.9620000000002,
                320.8056000000001,
                640.6136000000001,
                899.4582000000001,
                1073.3538000000003,
                1159.3022000000021,
                2031.5469412363263,
                2262.279089083446,
                2514.3742254415356,
                2832.0912303195487,
                2900.312356263896,
                3388.426716797876,
                3672.1085412394596,
                3801.133329656147,
                3987.0397158087976
            ],
            "energy": [
                79.6142,
                80.9979,
                276.3989,
                302.8508,
                356.0129,
                383.8485,
                661.657,
                121.7817,
                244.6974,
                344.2785,
                411.1165,
                443.9606,
                778.9045,
                867.38,
                964.057,
                1085.837,
                1112.076,
                1299.142,
                1408.013,
                1457.643,
                1528.1
            ],
            "unc_channel": [
                0.6654706288681475,
                0.7635976656462005,
                0.2197518072924305,
                0.2368018332193923,
                0.3636602168023171,
                0.09194297965612572,
                0.00661373711092219,
                1.7980639765843793,
                0.586922851236063,
                0.15720588420162468,
                0.07277852820261285,
                0.09657566040604355,
                0.017943174624965984,
                0.026797455256216015,
                0.017193611288978266,
                0.05070556319245549,
                0.016271005553089767,
                0.03715666104760769,
                0.018369169992760868,
                0.09906244772208211,
                0.11277905268021494
            ],
            "fit": [
                -0.8923039839732817,
                0.38404784177024764,
                -1.0434346143353702e-07
            ],
            "unc": [
                [
                    0.02600586547533245,
                    -2.191253539976005e-05,
                    4.20849732228572e-09
                ],
                [
                    -2.191253539976005e-05,
                    1.8736071392046747e-08,
                    -3.643822902715535e-12
                ],
                [
                    4.20849732228572e-09,
                    -3.643822902715535e-12,
                    7.193049375302737e-16
                ]
            ]
        },
        "rescal": {
            "channel": [
                722.5644000000001,
                791.5230000000001,
                1002.3964000000001,
                1725.9620000000002,
                899.4582000000001,
                1073.3538000000003,
                1159.3022000000021,
                2031.5469412363263,
                2262.279089083446,
                2514.3742254415356,
                2832.0912303195487,
                2900.312356263896,
                3388.426716797876,
                3672.1085412394596,
                3801.133329656147,
                3987.0397158087976
            ],
            "width": [
                1.5269333334666677,
                1.5453333333709094,
                1.601600000003635,
                1.8683945461245985,
                1.5741333333333336,
                1.6205333333333336,
                1.6434666666869393,
                2.2063076776633546,
                2.30200483587561,
                2.45875324336672,
                2.744155539894287,
                2.6243612963199907,
                2.896715753447499,
                2.9888469112533893,
                2.8327437775041333,
                3.1267283684381804
            ],
            "unc_width": [
                0.46553310126954606,
                0.4345477494443368,
                0.20902886353837424,
                0.01593448914055702,
                0.3454166098264261,
                0.19949174964175082,
                0.26124398137131644,
                0.047530337194860085,
                0.07388161818936521,
                0.044992985269565196,
                0.13911999168742947,
                0.043442237252715794,
                0.10239565390687777,
                0.045282818212346546,
                0.21169730816440072,
                0.22691581944127273
            ],
            "fit": [
                0.8684571091998811,
                0.0005958101059205811
            ],
            "unc": [
                [
                    0.003233043531651374,
                    -1.4024804901268983e-06
                ],
                [
                    -1.4024804901268983e-06,
                    6.644067760887617e-10
                ]
            ]
        },
        "effcal": {
            "energy": [
                383.8485,
                661.657,
                344.2785,
                411.1165,
                443.9606,
                778.9045,
                867.38,
                964.057,
                1085.837,
                1112.076,
                1299.142,
                1408.013,
                1457.643,
                1528.1
            ],
            "efficiency": [
                0.0022532044179894043,
                0.0022502357966669366,
                0.0018673619766724498,
                0.002665106384737234,
                0.0022718214086771193,
                0.0018828926632930274,
                0.0017495737051934288,
                0.0016601085374618844,
                0.0016083888709686287,
                0.0014952811727040457,
                0.0013677302039969612,
                0.0012754259618507036,
                0.0011566147902712118,
                0.0012013646514118265
            ],