{
    "engcal": [
        -0.9632611631929431,
        0.3841051025764693,
        -1.1433464754598439e-07
    ],
    "effcal": [
        0.0010062705145405756,
        98.90168575969005,
        2.2498669141549095,
        2.941005482957773,
        5.9999999999940945
    ],
    "unc_effcal": [
        [
            0.000564175039339638,
            -7.667249396644401e-16,
            0.014486727092615536,
            0.02744261382673758,
            -3.452884115708128
        ],
        [
            -7.667249396644401e-16,
            1.0420554080778782e-27,
            -1.976703328218091e-14,
            -3.7399081346589597e-14,
            4.692809167803509e-12
        ],
        [
            0.014486727092615536,
            -1.976703328218091e-14,
            0.49525602376498945,
            0.8443867215119145,
            -89.02082600230916
        ],
        [
            0.02744261382673758,
            -3.7399081346589597e-14,
            0.8443867215119145,
            1.5133050765002727,
            -168.41904065442716
        ],
        [
            -3.452884115708128,
            4.692809167803509e-12,
            -89.02082600230916,
            -168.41904065442716,
            21133.674787750566
        ]
    ],
    "rescal": [
        0.8602822880908318,
        0.0006123709195587347
    ],
    "_calib_data": {
        "engcal": {
            "channel": [
                210.87160000000003,
                220.91658857718738,
                722.5644000000152,
                791.5230000000001,
                930.4396000000033,
                1002.3964000000001,
                1725.9620000000002,
                320.8056000000001,
                640.6136000000001,
                899.4582000000001,
                1073.3538000000003,
                1159.3022000000003,
                2031.5091785934908,
                2262.2767342967686,
                2514.2996922832735,
                2831.960835140843,
                2900.2880622598186,
                3388.352745831322,
                3672.0869161641203,
                3986.675620282814
            ],
            "energy": [
                79.6142,
                80.9979,
                276.3989,
                302.8508,
                356.0129,
                383.8485,
                661.657,
                121.7817,
                244.6974,
                344.2785,
                411.1165,
                443.9606,
                778.9045,
                867.38,
                964.057,
                1085.837,
                1112.076,
                1299.142,
                1408.013,
                1528.1
            ],
            "unc_channel": [
                0.6743185634026467,
                0.8065191364308072,
                0.13707675139521222,
                0.1291490136134624,
                0.16440817598397028,
                0.08283026394541666,
                0.007341330387641963,
                1.561070642127163,
                0.5421665923272253,
                0.13050037513676482,
                0.07067936573643689,
                0.10346201918201495,
                0.013386411268800831,
                0.01642402130223545,
                0.009649161241227264,
                0.04716964481880653,
                0.013727039219935464,
                0.032605979803516955,
                0.016581710770837234,
                0.0952735272860225
            ],
            "fit": [
                -0.9632611631929431,
                0.3841051025764693,
                -1.1433464754598439e-07
            ],
            "unc": [
                [
                    0.016108148760559927,
                    -1.3198542643027207e-05,
                    2.5247640765574387e-09
                ],
                [
                    -1.3198542643027207e-05,
                    1.1062669283819052e-08,
                    -2.157848422727464e-12
                ],
                [
                    2.5247640765574387e-09,
                    -2.157848422727464e-12,
                    4.2986053696651053e-16
                ]
            ]
        },
        "rescal": {
            "channel": [
                722.5644000000152,
                791.5230000000001,
                930.4396000000033,
                1002.3964000000001,
                1725.9620000000002,
                899.4582000000001,
                1073.3538000000003,
                1159.3022000000003,
                2262.2767342967686,
                2514.2996922832735,
                2831.960835140843,
                2900.2880622598186,
                3388.352745831322,
                3672.0869161641203,
                3986.675620282814
            ],
            "width": [
                1.1452000001110596,
                1.1590000000000003,
                1.1868000000013719,
                1.3903537921304039,
                1.8817316899567793,
                1.4097450014873938,
                1.6391916294829278,
                1.819785092671702,
                2.317206288155724,
                2.4203108620630114,
                2.690396067060257,
                2.6348259351397876,
                2.8442616318749474,
                3.0312049382405464,
                3.7650185127278446
            ],
            "unc_width": [
                0.3040648276974353,
                0.2647955475806503,
                0.3083787237010893,
                0.19787656228144462,
                0.01738698926165329,
                0.30273648233548955,
                0.191683424598757,
                0.2788988717128113,
                0.047287945563686186,
                0.025565498780852965,
                0.13005128810299887,
                0.03693186633248072,
                0.0908885773379231,
                0.041857917608632986,
                0.20619556580119416
            ],
            "fit": [
                0.8602822880908318,
                0.0006123709195587347
            ],
            "unc": [
                [
                    0.004151120593544272,
                    -1.7265737938743464e-06
                ],
                [
                    -1.7265737938743464e-06,
                    7.734454633517283e-10
                ]
            ]
        },
        "effcal": {
            "energy": [
                276.3989,
                302.8508,
                383.8485,
                661.657,
                344.2785,
                411.1165,
                443.9606,
                778.9045,
                867.38,
                964.057,
                1085.837,
                1112.076,
                1299.142,
                1408.013,
                1528.1
            ],
            "efficiency": [
                0.0032787069147310424,
                0.003256166557111095,
                0.004526026323083655,
                0.004301483140904098,
                0.003717399934500562,
                0.0049978833526616185,
                0.0045135448102777455,
                0.0037461482595489257,
                0.003468720452042874,
                0.0032186316562001324,
                0.0031058261797497428,
                0.002956853188553592,
                0.0026120435812715284,
                0.0024696652320872164,
                0.0028492489872007174
            ],