{
    "engcal": [
        -0.8588727606745915,
        0.38401443105919575,
        -9.942386101518034e-08
    ],
    "effcal": [
        0.0003202543886539482,
        99.10309301135705,
        2.1361146540526232,
        2.62371534339378,
        5.999999999999999
    ],
    "unc_effcal": [
        [
            0.00044127517271481915,
            -4.845738358194425e-13,
            0.02709297036910337,
            0.07486339758543772,
            -8.541024243789897
        ],
        [
            -4.845738358194424e-13,
            5.321350736895797e-22,
            -2.9801504563805135e-11,
            -8.229479398220626e-11,
            9.379330641398064e-09
        ],
        [
            0.027092970369103367,
            -2.9801504563805135e-11,
            1.8610833061650707,
            4.907216618052397,
            -525.274183522606
        ],
        [
            0.07486339758543772,
            -8.229479398220626e-11,
            4.907216618052398,
            13.225557570187139,
            -1450.5111454233986
        ],
        [
            -8.541024243789897,
            9.379330641398064e-09,
            -525.274183522606,
            -1450.5111454233986,
            165318.63364962186
        ]
    ],
    "rescal": [
        0.7258470659376511,
        0.0006453167634837176
    ],
    "_calib_data": {
        "engcal": {
            "channel": [
                210.8716000000042,
                220.97146784111496,
                722.5644000000001,
                791.5230000000001,
                930.4396000000002,
                1002.3964000000001,
                1725.9620000000002,
                320.8056000000001,
                640.6136000000001,
                899.4582000000032,
                1073.3538000000003,
                1159.3022000000003,
                2031.655692947726,
                2262.320561370093,
                2514.3916562952445,
                2832.1469742947706,
                2900.4569293792524,
                3388.295856196744,
                3672.1749468170324,
                3985.94324363034
            ],
            "energy": [
                79.6142,
                80.9979,
                276.3989,
                302.8508,
                356.0129,
                383.8485,
                661.657,
                121.7817,
                244.6974,
                344.2785,
                411.1165,
                443.9606,
                778.9045,
                867.38,
                964.057,
                1085.837,
                1112.076,
                1299.142,
                1408.013,
                1528.1
            ],
            "unc_channel": [
                0.6856124305115595,
                0.6849296696695204,
                0.18896988359614034,
                0.207309146731095,
                0.3396307030359859,
                0.08869100223788126,
                0.008383984690708089,
                2.0152311138193366,
                0.5698139943537718,
                0.15242369610796072,
                0.0694325154008325,
                0.08974414414794876,
                0.024014320598754756,
                0.026666545810852114,
                0.018629736657048902,
                0.05163346876881994,
                0.020149182448980802,
                0.04047200669938427,
                0.020045127448625535,
                0.0794905942257546
            ],
            "fit": [
                -0.8588727606745915,
                0.38401443105919575,
                -9.942386101518034e-08
            ],
            "unc": [
                [
                    0.021842679148296927,
                    -1.8267205597058224e-05,
                    3.4813335375526576e-09
                ],
                [
                    -1.8267205597058224e-05,
                    1.55696226014582e-08,
                    -3.013361084593095e-12
                ],
                [
                    3.4813335375526576e-09,
                    -3.013361084593095e-12,
                    5.934397292474567e-16
                ]
            ]
        },
        "rescal": {
            "channel": [
                722.5644000000001,
                791.5230000000001,
                1002.3964000000001,
                1725.9620000000002,
                899.4582000000032,
                1073.3538000000003,
                1159.3022000000003,
                2031.655692947726,
                2262.320561370093,
                2514.3916562952445,
                2832.1469742947706,
                2900.4569293792524,
                3388.295856196744,
                3672.1749468170324,
                3985.94324363034
            ],
            "width": [
                1.526933333342667,
                1.5453333333351178,
                1.6016000000234898,
                1.794666666666667,
                1.5741333334007448,
                1.6512375752279709,
                1.6728864809430397,
                2.1919743780783074,
                2.3851785686494154,
                2.4514933647462067,
                2.73341389650812,
                2.642811683660693,
                2.90865101099058,
                2.998501687112555,
                3.322132291071479
            ],
            "unc_width": [
                0.4423632737641268,
                0.40926144688634175,
                0.19701623584706748,
                0.019165657671682886,
                0.3273865295213231,
                0.19938050573822086,
                0.24654240616947926,
                0.06379924310028254,
                0.07604773665774214,
                0.048124865712124355,
                0.1425366545841659,
                0.05392645948838699,
                0.10921129798393936,
                0.04901092774920948,
                0.20415452126523637
            ],
            "fit": [
                0.7258470659376511,
                0.0006453167634837176
            ],
            "unc": [
                [
                    0.006459477925500564,
                    -2.745799876535586e-06
                ],
                [
                    -2.745799876535586e-06,
                    1.2814831455279537e-09
                ]
            ]
        },
        "effcal": {
            "energy": [
                383.8485,
                661.657,
                344.2785,
                411.1165,
                443.9606,
                778.9045,
                867.38,
                964.057,
                1085.837,
                1112.076,
                1299.142,
                1408.013,
                1528.1
            ],
            "efficiency": [
                0.001182480656474991,
                0.0011936624135242913,
                0.0010077106033584574,
                0.001416466616875081,
                0.0013269230231519348,
                0.0009757423612336944,
                0.0009455556836637331,
                0.0008633610643096055,
                0.0008356567651119228,
                0.0007854266963411848,
                0.0007163518264867353,
                0.0006674151783941378,
                0.0006657969748602802
            ],
            "unc_efficiency": [
                0.0001945521245357124,
                1.7995498006212165e-05,
                0.0002777924580824709,
                0.00016940036534897769,
                0.00020010884702556213,
                3.4167746176074684e-05,
                3.191909006453454e-05,
                2.1040298761703977e-05,
                4.929706845730516e-05,
                1.9186267149885607e-05,
                3.0324362340984988e-05,
                1.44876872780097e-05,
                5.0773860413715634e-05
            ],