filename,isotope,energy,counts,unc_counts,intensity,unc_intensity,efficiency,unc_efficiency,decays,unc_decays,decay_rate,unc_decay_rate,chi2,start_time,live_time,real_time
../../../2017_Feb_Zr/50MeV/AD120217_Zr07_50cm_50MeV.Spe,86Y,1076.63,257.1833220220074,44.119364943531444,0.8250000000000001,0.04125,0.00019519173339980922,1.9784393013836833e-05,1732193.925756391,371880.29131340864,3464.3878515127817,743.7605826268173,1.4416261259993264,02/12/2017 20:35:31,461.0,500.0
