filename,isotope,energy,counts,unc_counts,intensity,unc_intensity,efficiency,unc_efficiency,decays,unc_decays,decay_rate,unc_decay_rate,chi2,start_time,live_time,real_time
../../../2017_Feb_Zr/50MeV/AE120217_Zr06_50cm_50MeV.Spe,86Y,1076.63,137.15388616563447,38.180846909038635,0.8250000000000001,0.04125,0.00019519173339980922,1.9784393013836833e-05,913937.4963624863,285464.5302442142,3889.0957292020694,1214.7426818902734,1.6200866714791,02/12/2017 20:45:00,219.0,235.0
