Isotope,A0,A0_unc
56CO,586.09728655808,28.21683846352333
