Isotope,A0,A0_unc
56CO,660.6582922597377,46.66272559761359
