Isotope,A0,A0_unc
56CO,655.9564121176588,46.33062873992905