Isotope,A0,A0_unc
56CO,660.6591031,46.6627256