Isotope,A0,A0_unc
56CO,563.446127996334,3.6371586123033053
