Isotope,A0,A0_unc
56CO,596.8955870659697,40.68875119078597
