Isotope,A0,A0_unc
56CO,813.1138837717739,49.45493285517573
