Isotope,A0,A0_unc
56CO,773.6769742105572,36.65004321990478
