Isotope,A0,A0_unc
56CO,861.0750687694533,61.611238320462014