Isotope,A0,A0_unc
56CO,867.2504226,62.05286623