Isotope,A0,A0_unc
56CO,867.2472346205243,62.05286622840644
