Isotope,A0,A0_unc
56CO,961.5859191366274,6.2091010721500135
