Isotope,A0,A0_unc
56CO,1093.8536247846293,78.33512799780877