Isotope,A0,A0_unc
56CO,1101.705213,78.89663235