Isotope,A0,A0_unc
56CO,1101.694341853326,78.89663235383438
