Isotope,A0,A0_unc
56CO,1008.2639819196197,53.88175293951189
