Isotope,A0,A0_unc
56CO,1404.459946,98.24060398