Isotope,A0,A0_unc
56CO,1345.2808822678965,22.44036459948827
