Isotope,A0,A0_unc
56CO,1324.9019270682825,2.6136834581564754
