Isotope,A0,A0_unc
56CO,1404.4599460617442,98.24060397528628
