Isotope,A0,A0_unc
56CO,1394.464457609836,97.54142930298822