Isotope,A0,A0_unc
56CO,2121.526374842501,15.336911356649347
