Isotope,A0,A0_unc
56CO,2107.0834547161953,2.3660058439318847
