Isotope,A0,A0_unc
56CO,2169.269618542412,150.1916177435665
