Isotope,A0,A0_unc
56CO,2169.292371,150.1916177