Isotope,A0,A0_unc
56CO,2153.831008503944,149.1227096661337