Isotope,A0,A0_unc
46SC,682.303263776218,10.405047778884516
48V,2676.4044753380927,27.816502688756184
