Isotope,A0,A0_unc
46SC,677.82608908275,10.336771342401113
48V,2585.555092750958,26.872283424993523
