Isotope,A0,A0_unc
48V,2585.555092750958,26.872283424993523
