Isotope,A0,A0_unc
48V,3396.2512716211227,26.67738647271755
