Isotope,A0,A0_unc
46SC,443.5181894942165,2.828369582318218
48V,3396.2512716211227,26.67738647271755
