Isotope,A0,A0_unc
46SC,446.4477144386634,2.8470515224086257
48V,3515.5863153648215,27.614757458099724
