Isotope,A0,A0_unc
48V,4284.963821779039,29.793203526154276
