Isotope,A0,A0_unc
46SC,303.23723292703966,0.35002207130816204
48V,4284.963821779039,29.793203526154276
