Isotope,A0,A0_unc
46SC,305.2401745402718,0.3523340356073281
48V,4435.525810342462,30.840055999870838
