Isotope,A0,A0_unc
46SC,238.7734590693519,1.672518728554704
48V,5943.619406742724,54.22565920058882
