Isotope,A0,A0_unc
46SC,237.20666237218154,1.6615439025852172
48V,5741.865838977189,52.38499295320197
