Isotope,A0,A0_unc
48V,5741.865838977189,52.38499295320197
