Isotope,A0,A0_unc
48V,9576.491511308159,18.459547881969502
