Isotope,A0,A0_unc
46SC,214.6928704035015,2.229527535870038
48V,9912.983408250037,19.108166277136167
