Isotope,A0,A0_unc
46SC,213.28408701930022,2.2148977036748057
48V,9576.491511308159,18.459547881969502
