{
    "engcal": [
        -0.39417117772666244,
        0.4024344800692546,
        1.0205925340309977e-07
    ],
    "effcal": [
        0.007500558405008959,
        80.15129757439702,
        1.8103130758033792,
        1.7012304450913824,
        0.6144252277590464
    ],
    "unc_effcal": [
        [
            7.425794607078625e-07,
            47197.66859026292,
            0.00015026476331952765,
            0.0003713579578595457,
            -0.00022304514212283727
        ],
        [
            47197.66859026292,
            2.611486811116915e+16,
            14005244.726330413,
            27059018.250651017,
            -15203229.847208261
        ],
        [
            0.00015026476331952762,
            14005244.726330413,
            0.03753224870175408,
            0.08367929956126337,
            -0.04782150443786968
        ],
        [
            0.0003713579578595456,
            27059018.250651017,
            0.08367929956126337,
            0.19930597714953888,
            -0.116322964112865
        ],
        [
            -0.00022304514212283727,
            -15203229.847208261,
            -0.04782150443786968,
            -0.116322964112865,
            0.06877865276785616
        ]
    ],
    "rescal": [
        1.2252466904811314,
        0.0010931024242718497
    ],
    "_calib_data": {
        "engcal": {
            "channel": [
                1644.2887182304476,
                303.52814257447676,
                608.9892675173304,
                736.3929751121232,
                819.5188427101273,
                856.295258383993,
                914.6255704387175,
                1022.2749605803965,
                1103.9657377137098,
                1100.20696451975,
                1215.042621849775,
                1251.006906095264,
                1402.8046968348715,
                1456.8672156161874,
                1685.3793509816694,
                1711.2335920605892,
                1788.5711960917686,
                1935.3314654354012,
                2013.6120474384122,
                2155.06198638663,
                2284.3398506062313,
                2303.2952859251986,
                2394.950119957379,
                2497.157785471862,
                2697.6311027120505,
                2708.6223999999997,
                2762.2661111188304,
                3013.040638541794,
                3105.7861157158677,
                3226.5162131601314,
                3496.8693147885056,
                3619.577793773726,
                3795.543109915193
            ],
            "energy": [
                661.657,
                121.7817,
                244.6974,
                295.9387,
                329.41,
                344.2785,
                367.7891,
                411.1165,
                443.9606,
                444.01,
                488.6792,
                503.467,
                563.986,
                586.2648,
                678.623,
                688.67,
                719.346,
                778.9045,
                810.451,
                867.38,
                919.337,
                926.31,
                964.057,
                1005.27,
                1085.837,
                1089.737,
                1112.076,
                1212.948,
                1249.94,
                1299.142,
                1408.013,
                1457.643,
                1528.1
            ],
            "unc_channel": [
                0.020256075413991523,
                0.003752957336862014,
                0.004362212598398009,
                0.02858466236080856,
                0.09562779425656812,
                0.003915884684893573,
                0.018680439555918124,
                0.018692906943321586,
                0.048172078323198586,
                0.30139234511824115,
                0.05807180375885536,
                0.1377709210746876,
                0.05881638593672153,
                0.05639486483566413,
                0.10941542148146088,
                0.05662851929849866,
                0.12181526968293242,
                0.01459450010861503,
                0.12375166001442969,
                0.019197724122264344,
                0.10675081798429686,
                0.20249655487115462,
                0.020340188483499413,
                0.05273598300882555,
                0.035955164004496755,
                0.16908606557045994,
                0.026467986054155977,
                0.05311471302014296,
                0.20049423765025146,
                0.06520421483536172,
                0.03767671545401429,
                0.13698602144344801,
                0.09776491999595713
            ],
            "fit": [
                -0.39417117772666244,
                0.4024344800692546,
                1.0205925340309977e-07
            ],
            "unc": [
                [
                    0.00040575383085299417,
                    -7.438148194673604e-07,
                    2.2734976082268963e-10
                ],
                [
                    -7.438148194673604e-07,
                    1.6004980791645155e-09,
                    -5.250861290423013e-13
                ],
                [
                    2.2734976082268963e-10,
                    -5.250861290423012e-13,
                    1.9317586898855257e-16
                ]
            ]
        },
        "rescal": {
            "channel": [
                1644.2887182304476,
                608.9892675173304,
                736.3929751121232,
                819.5188427101273,
                856.295258383993,
                914.6255704387175,
                1022.2749605803965,
                1103.9657377137098,
                1100.20696451975,
                1215.042621849775,
                1251.006906095264,
                1456.8672156161874,
                1685.3793509816694,
                1711.2335920605892,
                1788.5711960917686,
                1935.3314654354012,
                2013.6120474384122,
                2155.06198638663,
                2284.3398506062313,
                2303.2952859251986,
                2394.950119957379,
                2497.157785471862,
                2708.6223999999997,
                2762.2661111188304,
                3013.040638541794,
                3105.7861157158677,
                3226.5162131601314,
                3496.8693147885056,
                3619.577793773726,
                3795.543109915193
            ],
            "width": [
                2.972278522975061,
                1.8551036136229604,
                1.9231895084511947,
                1.630407381364969,
                2.132006084458837,
                2.3348202303891505,
                2.3336777896913685,
                2.1950747814996183,
                1.6272000000117306,
                2.5321615835122455,
                1.9234835820567555,
                3.0943231587376205,
                4.010399999999999,
                3.185871579610024,
                3.2459055382286857,
                3.346640733320051,
                3.202375970347827,
                3.628874817455831,
                3.5016813731532737,
                3.7784666502646362,
                3.8789558239524067,
                3.844534106412511,
                3.059915558593504,
                4.409561328963618,
                4.554236297560511,
                4.661936660819884,
                4.831088271337213,
                5.096399999999999,
                5.1701999999999995,
                5.275199999999999
            ],