{
    "engcal": [
        -0.022457636118173172,
        0.38386289107469096,
        1.8565763890125685e-08
    ],
    "effcal": [
        0.0012789227325683643,
        71.69622614995718,
        1.7670861585913742,
        1.297288184636686,
        1.3804532304706556
    ],
    "unc_effcal": [
        [
            2.5620412178310755e-05,
            41620.04302493641,
            0.003716926410112367,
            0.023309240029474966,
            -0.06451186353306788
        ],
        [
            41620.04302493641,
            413973555325705.75,
            7619231.73731037,
            40218156.78017058,
            -107289102.23533951
        ],
        [
            0.003716926410112367,
            7619231.73731037,
            0.5640308970178803,
            3.432535094066179,
            -9.418920838781652
        ],
        [
            0.023309240029474966,
            40218156.78017058,
            3.432535094066179,
            21.336518755824162,
            -58.85645634216156
        ],
        [
            -0.06451186353306788,
            -107289102.23533951,
            -9.418920838781652,
            -58.85645634216156,
            162.65188040169843
        ]
    ],
    "rescal": [
        1.1472615357313545,
        0.00043767218660644894
    ],
    "_calib_data": {
        "engcal": {
            "channel": [
                317.1141148656347,
                637.4755288411791,
                770.8052900183774,
                857.981987970258,
                896.9288827305597,
                958.1835755262395,
                1071.0488770136483,
                1156.6140537025747,
                1272.8760104118132,
                1311.4932217266678,
                1469.2682794641908,
                1527.1401409351479,
                1757.8826474644482,
                1767.631124832491,
                1794.047505652992,
                1873.9020830259444,
                1992.4917977516018,
                2028.9913325977464,
                2111.0917689100183,
                2259.387216289151,
                2394.983783369133,
                2412.722982906522,
                2511.141062374101,
                2618.285386342864,
                2828.395000713922,
                2838.711592149026,
                2892.1621232907833,
                2896.8904185676847,
                3159.3556609197835,
                3255.6330039277,
                3368.059828432045,
                3383.7962068642564,
                3667.3617104435975,
                3801.536679972054,
                3980.2293255188147
            ],
            "energy": [
                121.7817,
                244.6974,
                295.9387,
                329.41,
                344.2785,
                367.7891,
                411.1165,
                443.9606,
                488.6792,
                503.467,
                563.986,
                586.2648,
                674.64,
                678.623,
                688.67,
                719.346,
                764.88,
                778.9045,
                810.451,
                867.38,
                919.337,
                926.31,
                964.057,
                1005.27,
                1085.837,
                1089.737,
                1109.18,
                1112.076,
                1212.948,
                1249.94,
                1292.78,
                1299.142,
                1408.013,
                1457.643,
                1528.1
            ],
            "unc_channel": [
                0.02386083217403839,
                0.01582871396773062,
                0.023114715381319227,
                0.13763532902859793,
                0.011038820095598482,
                0.017877703223750322,
                0.01380973249915305,
                0.009486652443357472,
                0.030735888409318176,
                0.14449376723206128,
                0.04503694094955148,
                0.05263284869756036,
                0.11894147234964808,
                0.048773966844163005,
                0.027589423281046483,
                0.09079551139598484,
                0.09962746883929431,
                0.006516845533469126,
                0.05886627053151401,
                0.014906895808017708,
                0.05416922695153427,
                0.09207168290398993,
                0.008849146903993363,
                0.03836551475539081,
                0.009964813572696992,
                0.02830233018551368,
                0.46530621214406087,
                0.028232311915058175,
                0.02201769731184632,
                0.08683945403735431,
                0.18691750643897778,
                0.024446341435051214,
                0.013757044876493634,
                0.09573908511100682,
                0.070833012009197
            ],
            "fit": [
                -0.022457636118173172,
                0.38386289107469096,
                1.8565763890125685e-08
            ],
            "unc": [
                [
                    0.0033124160563226665,
                    -3.373947615183164e-06,
                    7.506075937935209e-10
                ],
                [
                    -3.3739476151831646e-06,
                    3.877779499446923e-09,
                    -9.222121370328942e-13
                ],
                [
                    7.506075937935208e-10,
                    -9.222121370328938e-13,
                    2.307138645018849e-16
                ]
            ]
        },
        "rescal": {
            "channel": [
                317.1141148656347,
                637.4755288411791,
                770.8052900183774,
                857.981987970258,
                896.9288827305597,
                958.1835755262395,
                1071.0488770136483,
                1156.6140537025747,
                1272.8760104118132,
                1311.4932217266678,
                1469.2682794641908,
                1527.1401409351479,
                1757.8826474644482,
                1767.631124832491,
                1794.047505652992,
                1873.9020830259444,
                1992.4917977516018,
                2028.9913325977464,
                2111.0917689100183,
                2259.387216289151,
                2394.983783369133,
                2412.722982906522,
                2511.141062374101,
                2618.285386342864,
                2828.395000713922,
                2838.711592149026,
                2892.1621232907833,
                3159.3556609197835,
                3255.6330039277,
                3368.059828432045,
                3383.7962068642564,
                3667.3617104435975,
                3980.2293255188147
            ],
            "width": [
                1.4178666666666668,
                1.5032,
                1.5389333333333335,
                1.7666813461565039,
                1.5725333333333336,
                1.5888000000000002,
                1.6189333333333336,
                1.641600000007052,
                1.6728,
                1.6829333333333336,
                1.725066666666667,
                1.744926879395224,
                1.8018666666666667,
                1.8748974229674522,
                1.8661266414970044,
                1.9678879688697333,
                1.8645333333333336,
                1.990616080297174,
                1.896266666666667,
                2.1254594274922955,
                1.9720000000000004,
                2.079758585897653,
                2.2410836042002695,
                2.312365156082632,
                2.420542666505627,
                2.1697300683444025,
                2.7769508091911446,
                2.548509347121872,
                2.431928167098545,
                3.6983196832319614,
                2.643187535312382,
                2.838968950460872,
                3.2460386500828555
            ],