foil, isotope, R, var_R 
Ti02, 48V, 35897985.53748641, 189233309355.89838 
