foil, isotope, R, var_R 
Ti05, 48V, 17567.921305557524, 92191.32083118605 
