{
    "engcal": [
        -0.4934957983510887,
        0.4029453994583238,
        -1.5683076671045703e-08
    ],
    "effcal": [
        0.0009875515235262472,
        53.82231432676519,
        1.6024980910719266,
        1.2827366027478189,
        1.0115779874892372
    ],
    "unc_effcal": [
        [
            4.26135222910516e-06,
            217.99648581914806,
            0.0013651030655071508,
            0.008385776176271665,
            -0.012961151039792146
        ],
        [
            217.99648581914806,
            1451235110196.99,
            389460.4798130691,
            815761.0471576955,
            -926685.4403040204
        ],
        [
            0.0013651030655071508,
            389460.4798130691,
            0.7248970459807921,
            3.2290790228638504,
            -4.5605946338002505
        ],
        [
            0.008385776176271665,
            815761.0471576954,
            3.229079022863851,
            17.789518131903154,
            -26.53540236356853
        ],
        [
            -0.012961151039792146,
            -926685.4403040204,
            -4.5605946338002505,
            -26.535402363568526,
            40.261071069524384
        ]
    ],
    "rescal": [
        1.151913908082365,
        0.001096476952478055
    ],
    "_calib_data": {
        "engcal": {
            "channel": [
                194.88120000376543,
                201.74699270561413,
                399.8287729476282,
                687.1369996913783,
                752.8451307280984,
                884.7569057082003,
                953.8316319875837,
                1642.964470587675,
                303.2986436764725,
                608.5843255355645,
                735.3866011554333,
                855.6772746341222,
                914.0774420028974,
                1021.4837921755161,
                1102.822470197879,
                1105.661199999921,
                1214.097546559837,
                1401.3107471187923,
                1455.831219917662,
                1682.9547343216557,
                1710.1344761597354,
                1933.9265000973348,
                2153.2131510651548,
                2283.3084906459944,
                2393.1178523673293,
                2494.8414473237326,
                2695.6903164089435,
                2707.6988040894935,
                2760.2251459501726,
                3010.41406084281,
                3224.5522216772183,
                3494.1692751005708,
                3622.1701999999996,
                3791.0018170303474,
                2104.4857199397256,
                2579.172915379324,
                3076.657606084317,
                3380.0249999999996,
                4397.236965210526,
                5053.882090839519,
                6454.177291659901,
                7947.53241354963
            ],
            "energy": [
                79.6142,
                80.9979,
                160.612,
                276.3989,
                302.8508,
                356.0129,
                383.8485,
                661.657,
                121.7817,
                244.6974,
                295.9387,
                344.2785,
                367.7891,
                411.1165,
                443.9606,
                444.01,
                488.6792,
                563.986,
                586.2648,
                678.623,
                688.67,
                778.9045,
                867.38,
                919.337,
                964.057,
                1005.27,
                1085.837,
                1089.737,
                1112.076,
                1212.948,
                1299.142,
                1408.013,
                1457.643,
                1528.1,
                846.77,
                1037.843,
                1238.288,
                1360.212,
                1771.357,
                2034.791,
                2598.5,
                3202.029
            ],
            "unc_channel": [
                0.8592613417516994,
                0.050895539280031564,
                0.06504140713073361,
                0.011175963450067281,
                0.00947888125390833,
                0.008933823025335592,
                0.012194147490783382,
                0.015036796899459503,
                0.013734820615118437,
                0.0066093747426466615,
                0.0412978319826836,
                0.003911007136390595,
                0.0391105843535954,
                0.02031985020253582,
                0.037424792029521634,
                6.922990067676077,
                0.09219885184687268,
                0.06926301969206035,
                0.15693360369569878,
                0.1618924613948221,
                0.07420919163618156,
                0.01762285729026615,
                0.02835525988638581,
                0.2080614043183925,
                0.021885351838216258,
                0.12402567571910153,
                0.034736282172293784,
                0.14797626244941955,
                0.029841092534552357,
                0.07697681305860814,
                0.0978699840216338,
                0.04054475589745076,
                0.11887361413926366,
                0.13639054334434317,
                0.016750202177852787,
                0.05632781622022444,
                0.030032070845632666,
                0.19028494286925504,
                0.29043281440949587,
                0.13769387702735905,
                0.20651986792307298,
                0.3690055035017623
            ],
            "fit": [
                -0.4934957983510887,
                0.4029453994583238,
                -1.5683076671045703e-08
            ],
            "unc": [
                [
                    0.011211849214023102,
                    -1.5966875971557703e-05,
                    4.017237737246229e-09
                ],
                [
                    -1.59668759715577e-05,
                    2.491114847768182e-08,
                    -6.6345552934570265e-12
                ],
                [
                    4.017237737246226e-09,
                    -6.6345552934570224e-12,
                    1.961922489267369e-15
                ]
            ]
        },
        "rescal": {
            "channel": [
                201.74699270561413,
                399.8287729476282,
                687.1369996913783,
                752.8451307280984,
                884.7569057082003,
                953.8316319875837,
                1642.964470587675,
                303.2986436764725,
                608.5843255355645,
                735.3866011554333,
                855.6772746341222,
                914.0774420028974,
                1021.4837921755161,
                1102.822470197879,
                1214.097546559837,
                1401.3107471187923,
                1455.831219917662,
                1682.9547343216557,
                1710.1344761597354,
                1933.9265000973348,
                2153.2131510651548,
                2283.3084906459944,
                2393.1178523673293,
                2494.8414473237326,
                2760.2251459501726,
                3010.41406084281,
                3224.5522216772183,
                3494.1692751005708,
                3622.1701999999996,
                2104.4857199397256,
                2579.172915379324,
                3076.657606084317,
                3380.0249999999996,
                4397.236965210526,
                5053.882090839519,
                6454.177291659901,
                7947.53241354963
            ],