{
    "engcal": [
          -7.452503292047118, 
        0.39600966010106725, 
        -1.0593287218196694e-06
    "effcal": [
        0.02124941632046073,
        78.3806425467492,
        1.9330842165603896,
        1.9704581013407982,
        0.46137779546699353
    ],
    "unc_effcal": [
        [
            4.618859865952489e-06,
            96150.6013054378,
            0.0005513716198708818,
            0.0009916468149357514,
            -0.0003762636573512657
        ],
        [
            96150.60130543783,
            1.9639870157824664e+16,
            24355319.476538625,
            30856810.472089242,
            -10057688.81093042
        ],
        [
            0.0005513716198708818,
            24355319.476538625,
            0.11263344982654733,
            0.16946242157143143,
            -0.05605991433968185
        ],
        [
            0.0009916468149357514,
            30856810.472089242,
            0.1694624215714315,
            0.2800818055755739,
            -0.09631370421047275
        ],
        [
            -0.00037626365735126565,
            -10057688.81093042,
            -0.056059914339681834,
            -0.09631370421047275,
            0.0343847462699063
        ]
    ],
    "rescal": [
        1.2291852264840717,
        0.001121830977802788
    ],
    "_calib_data": {
        "engcal": {
            "channel": [
                303.2669534592381,
                608.469644318134,
                735.7233404182218,
                855.5872054360718,
                913.7406279731651,
                1021.4494050437968,
                1213.8600035590398,
                1401.2637099271687,
                1456.1004033845977,
                1682.690967556518,
                1710.1853812365007,
                1786.9594875095777,
                1933.8103140676474,
                2012.7208838823822,
                2153.1546200910716,
                2282.1361191385513,
                2300.50780235948,
                2392.979343163691,
                2494.015626297305,
                2695.553034674663,
                2707.5270331557144,
                2760.030723327306,
                3010.451745435325,
                3102.392121924646,
                3223.988984283418,
                3494.326488919582,
                3616.6289149518893,
                3793.2179740179777
            ],
            "energy": [
                121.7817,
                244.6974,
                295.9387,
                344.2785,
                367.7891,
                411.1165,
                488.6792,
                563.986,
                586.2648,
                678.623,
                688.67,
                719.346,
                778.9045,
                810.451,
                867.38,
                919.337,
                926.31,
                964.057,
                1005.27,
                1085.837,
                1089.737,
                1112.076,
                1212.948,
                1249.94,
                1299.142,
                1408.013,
                1457.643,
                1528.1
            ],
            "unc_channel": [
                0.004981771644331292,
                0.005798250763232512,
                0.0342843802735465,
                0.003451625612893061,
                0.026237014096210962,
                0.018319440046372096,
                0.059913378895566624,
                0.0700992371150285,
                0.07838647230577514,
                0.12391759728216839,
                0.050791688240394435,
                0.18816450540183777,
                0.01675415066900469,
                0.156072574841122,
                0.02690102774505983,
                0.13724436605079562,
                0.21269428875583732,
                0.023233016991492467,
                0.07540706681592936,
                0.030747355231493415,
                0.12261402736317627,
                0.030794425843555462,
                0.0715964328367917,
                0.30759650565826707,
                0.07647148775648846,
                0.040096503807917044,
                0.1984323182664157,
                0.08396361184920054
            ],
            "fit": [
                -0.40183030948387843,
                0.40279587082990975,
                8.397488348911499e-08
            ],
            "unc": [
                [
                    0.0010352373460140983,
                    -1.7616194317597503e-06,
                    5.134895990572323e-10
                ],
                [
                    -1.7616194317597503e-06,
                    3.406408507911091e-09,
                    -1.0638012553999975e-12
                ],
                [
                    5.134895990572323e-10,
                    -1.0638012553999975e-12,
                    3.753033565159158e-16
                ]
            ]
        },
        "rescal": {
            "channel": [
                608.469644318134,
                735.7233404182218,
                855.5872054360718,
                913.7406279731651,
                1021.4494050437968,
                1213.8600035590398,
                1401.2637099271687,
                1456.1004033845977,
                1682.690967556518,
                1710.1853812365007,
                1786.9594875095777,
                1933.8103140676474,
                2012.7208838823822,
                2153.1546200910716,
                2282.1361191385513,
                2300.50780235948,
                2392.979343163691,
                2494.015626297305,
                2760.030723327306,
                3010.451745435325,
                3102.392121924646,
                3223.988984283418,
                3494.326488919582,
                3616.6289149518893,
                3793.2179740179777
            ],
            "width": [
                1.8872920219831433,
                1.928597773293369,
                2.173309950196909,
                2.2590239275053148,
                2.3034278885716972,
                2.4297530416338473,
                3.34158936250774,
                3.085191840982955,
                4.010399999999999,
                2.667200201143483,
                4.070999999999999,
                3.4060247288860523,
                4.206599999999998,
                3.622267939444561,
                3.2400282675642575,
                4.364073172519549,
                4.000081747372887,
                4.4963999999999995,
                4.556631709893766,
                4.494008669643364,
                4.861199999999999,
                4.802778071818481,
                5.096399999999999,
                5.170199999999976,
                5.197853866992807
            ],
            "unc_width": [
                0.01577128721464703,
                0.10875067085892344,
                0.00888174477611233,
                0.08018681500204733,
                0.05320027223500635,
                0.18908395238139014,
                0.22660424622567008,
                0.2489242601197499,
                0.395684469480699,
                0.16154311186472187,
                0.6111398878056413,
                0.04615188591481427,
                0.5097134872786472,
                0.08015226634461334,
                0.44337056112715273,
                0.7177493859248805,
                0.06302740484962903,
                0.23614238763094061,
                0.08321366818198901,
                0.20986658248083187,
                1.0122994211342102,
                0.20995938463779054,
                0.10050823905747744,
                0.5060999749169109,
                0.2132374024526098
            ],
            "fit": [
                1.2291852264840717,
                0.001121830977802788
            ],