{
    "engcal": [
        11.081463123953881,
        0.3890674162615081,
        -1.2952249563207521e-06
    ],
    "effcal": [
        0.0027260200230997435,
        99.99999516905436,
        0.10000000000000002,
        49.999999999810484,
        0.1858618161455368
    ],
    "unc_effcal": [
        [
            1.430355877699839e-05,
            -8.486076454286982e-10,
            0.3090503560147959,
            1500.3491066230647,
            -0.34611130549210806
        ],
        [
            -8.486076454286982e-10,
            5.928887637224387e-14,
            -2.181430970158838e-05,
            -0.10482348710763369,
            2.4225279110624277e-05
        ],
        [
            0.3090503560147959,
            -2.181430970158838e-05,
            8033.3279945901095,
            38567976.85186223,
            -8914.833802065728
        ],
        [
            1500.3491066230647,
            -0.10482348710763367,
            38567976.85186222,
            185329257724.78073,
            -42830601.418869294
        ],
        [
            -0.34611130549210806,
            2.4225279110624277e-05,
            -8914.833802065727,
            -42830601.418869294,
            9898.735800705064
        ]
    ],
    "rescal": [
        1.680392437382401,
        0.0004228920335225155
    ],
    "_calib_data": {
        "engcal": {
            "channel": [
                194.88120000376543,
                201.74699270561413,
                399.8287729476282,
                687.1369996913783,
                752.8451307280984,
                884.7569057082003,
                953.8316319875837,
                1642.964470587675,
                303.2986436764725,
                608.5843255355645,
                735.3866011554333,
                855.6772746341222,
                914.0774420028974,
                1021.4837921755161,
                1102.822470197879,
                1105.661199999921,
                1214.097546559837,
                1401.3107471187923,
                1455.831219917662,
                1682.9547343216557,
                1710.1344761597354,
                1933.9265000973348,
                2153.2131510651548,
                2283.3084906459944,
                2393.1178523673293,
                2494.8414473237326,
                2695.6903164089435,
                2707.6988040894935,
                2760.2251459501726,
                3010.41406084281,
                3224.5522216772183,
                3494.1692751005708,
                3622.1701999999996,
                3791.0018170303474,
                2205.862350351114,
                2546.049063194671,
                2703.556057265863,
                3061.2088232977435,
                3225.5333133157947,
                3543.522264642843,
                4613.9205370616055,
                4717.388450402994,
                5115.926127016113,
                5248.649598047303,
                5299.85687257841,
                5495.698800000001,
                6767.875539556457,
                7838.382247752373
            ],
            "energy": [
                79.6142,
                80.9979,
                160.612,
                276.3989,
                302.8508,
                356.0129,
                383.8485,
                661.657,
                121.7817,
                244.6974,
                295.9387,
                344.2785,
                367.7891,
                411.1165,
                443.9606,
                444.01,
                488.6792,
                563.986,
                586.2648,
                678.623,
                688.67,
                778.9045,
                867.38,
                919.337,
                964.057,
                1005.27,
                1085.837,
                1089.737,
                1112.076,
                1212.948,
                1299.142,
                1408.013,
                1457.643,
                1528.1,
                846.77,
                977.372,
                1037.843,
                1175.101,
                1238.288,
                1360.212,
                1771.357,
                1810.757,
                1963.741,
                2015.215,
                2034.791,
                2113.135,
                2598.5,
                3009.645
            ],
            "unc_channel": [
                0.8592613417516994,
                0.050895539280031564,
                0.06504140713073361,
                0.011175963450067281,
                0.00947888125390833,
                0.008933823025335592,
                0.012194147490783382,
                0.015036796899459503,
                0.013734820615118437,
                0.0066093747426466615,
                0.0412978319826836,
                0.003911007136390595,
                0.0391105843535954,
                0.02031985020253582,
                0.037424792029521634,
                6.922990067676077,
                0.09219885184687268,
                0.06926301969206035,
                0.15693360369569878,
                0.1618924613948221,
                0.07420919163618156,
                0.01762285729026615,
                0.02835525988638581,
                0.2080614043183925,
                0.021885351838216258,
                0.12402567571910153,
                0.034736282172293784,
                0.14797626244941955,
                0.029841092534552357,
                0.07697681305860814,
                0.0978699840216338,
                0.04054475589745076,
                0.11887361413926366,
                0.13639054334434317,
                0.007763358035269914,
                0.11542942749636739,
                0.02198973401651867,
                0.07337655775010321,
                0.01522194388926542,
                0.051310537228279614,
                0.055178313339635014,
                0.21453351107433366,
                0.20496116024015715,
                0.12971443156881948,
                0.07197403740233152,
                0.5367922312923065,
                0.06462318550261613,
                0.2178137705334746
            ],
            "fit": [
                11.081463123953881,
                0.3890674162615081,
                -1.2952249563207521e-06
            ],
            "unc": [
                [
                    18.207593980223344,
                    -0.02092352582161204,
                    4.174858701261681e-06
                ],
                [
                    -0.02092352582161204,
                    2.8538910331164576e-05,
                    -6.214985844816142e-09
                ],
                [
                    4.174858701261681e-06,
                    -6.214985844816142e-09,
                    1.5555566757381832e-12
                ]
            ]
        },
        "rescal": {
            "channel": [
                201.74699270561413,
                399.8287729476282,
                687.1369996913783,
                752.8451307280984,
                884.7569057082003,
                953.8316319875837,
                735.3866011554333,
                914.0774420028974,
                1021.4837921755161,
                1102.822470197879,
                1214.097546559837,
                1401.3107471187923,
                1455.831219917662,
                1682.9547343216557,
                1710.1344761597354,
                2283.3084906459944,
                2494.8414473237326,
                2707.6988040894935,
                3791.0018170303474,
                2546.049063194671,
                3543.522264642843,
                4613.9205370616055,
                4717.388450402994,
                5115.926127016113,
                5248.649598047303,
                5299.85687257841,
                6767.875539556457,
                7838.382247752373
            ],