{
    "engcal": [
        -0.401830310422215,
        0.4027958708317973,
        8.397488284050589e-08
    ],
    "effcal": [
        0.05805627358727,
        75.45607983137585,
        1.9330706865017528,
        1.970433156163761,
        0.46138666708874726
    ],
    "unc_effcal": [
        [
            3.435372986528469e-05,
            135719.25838420202,
            0.0014949682837928156,
            0.0026945687192049435,
            -0.0010232533322295087
        ],
        [
            135719.25838420202,
            5438827854615426.0,
            12592420.782421013,
            15939727.043604333,
            -5196208.643959894
        ],
        [
            0.0014949682837928156,
            12592420.782421013,
            0.1115860609776797,
            0.168107579425909,
            -0.05562169281575772
        ],
        [
            0.0026945687192049426,
            15939727.043604333,
            0.16810757942590898,
            0.2783341507607385,
            -0.09574949399041167
        ],
        [
            -0.0010232533322295087,
            -5196208.643959894,
            -0.05562169281575772,
            -0.09574949399041167,
            0.03420282951239497
        ]
    ],
    "rescal": [
        1.2291852271627133,
        0.0011218309769557154
    ],
    "_calib_data": {
        "engcal": {
            "channel": [
                303.2669534592381,
                608.469644318134,
                735.7233404182792,
                855.5872054360718,
                913.7406279731651,
                1021.4494050438273,
                1213.8600035590398,
                1401.2637099271687,
                1456.1004033849815,
                1682.690967556907,
                1710.1853812364966,
                1786.9594875093587,
                1933.8103140677492,
                2012.7208838824147,
                2153.1546200913003,
                2282.1361191360006,
                2300.5078023491387,
                2392.9793431638204,
                2494.015626297218,
                2695.5530346742958,
                2707.5270331558345,
                2760.030723327306,
                3010.4517454358065,
                3102.3921219247663,
                3223.988984283418,
                3494.3264889195843,
                3616.6289149518893,
                3793.217974017916
            ],
            "energy": [
                121.7817,
                244.6974,
                295.9387,
                344.2785,
                367.7891,
                411.1165,
                488.6792,
                563.986,
                586.2648,
                678.623,
                688.67,
                719.346,
                778.9045,
                810.451,
                867.38,
                919.337,
                926.31,
                964.057,
                1005.27,
                1085.837,
                1089.737,
                1112.076,
                1212.948,
                1249.94,
                1299.142,
                1408.013,
                1457.643,
                1528.1
            ],
            "unc_channel": [
                0.004981771644331292,
                0.005798250763232512,
                0.034284380163931295,
                0.0034516256128930612,
                0.026237014096210966,
                0.01831944004250396,
                0.059913378895566624,
                0.07009923711502851,
                0.07838647239024835,
                0.12391759699039742,
                0.050791688279803494,
                0.1881645047674128,
                0.0167541506712525,
                0.15607257496436533,
                0.026901027739232135,
                0.1372443651112637,
                0.21269429197720494,
                0.02323301699616818,
                0.07540706692515219,
                0.030747355371478716,
                0.12261402859646825,
                0.030794425843555462,
                0.07159643272909219,
                0.30759650616914624,
                0.07647148775648847,
                0.04009650379429378,
                0.1984323182664157,
                0.08396361186767867
            ],
            "fit": [
                -0.401830310422215,
                0.4027958708317973,
                8.397488284050589e-08
            ],
            "unc": [
                [
                    0.0010351899935615617,
                    -1.7614902332223896e-06,
                    5.134435750611922e-10
                ],
                [
                    -1.7614902332223894e-06,
                    3.4060849600061146e-09,
                    -1.0636873236502607e-12
                ],
                [
                    5.134435750611923e-10,
                    -1.0636873236502613e-12,
                    3.752631970300592e-16
                ]
            ]
        },
        "rescal": {
            "channel": [
                608.469644318134,
                735.7233404182792,
                855.5872054360718,
                913.7406279731651,
                1021.4494050438273,
                1213.8600035590398,
                1401.2637099271687,
                1456.1004033849815,
                1682.690967556907,
                1710.1853812364966,
                1786.9594875093587,
                1933.8103140677492,
                2012.7208838824147,
                2153.1546200913003,
                2282.1361191360006,
                2300.5078023491387,
                2392.9793431638204,
                2494.015626297218,
                2760.030723327306,
                3010.4517454358065,
                3102.3921219247663,
                3223.988984283418,
                3494.3264889195843,
                3616.6289149518893,
                3793.217974017916
            ],
            "width": [
                1.8872920219831433,
                1.9285977701335177,
                2.173309950196909,
                2.2590239275053148,
                2.3034278880666528,
                2.4297530416338473,
                3.34158936250774,
                3.085191837774478,
                4.010399999999999,
                2.667200201637164,
                4.070999999999999,
                3.406024729129031,
                4.206599999999998,
                3.622267938394965,
                3.240028258996912,
                4.364073200675727,
                4.000081746476987,
                4.4963999999999995,
                4.556631709893766,
                4.494008663506523,
                4.861199999999999,
                4.802778071818481,
                5.096399999999999,
                5.170199999999976,
                5.197853868498111
            ],
            "unc_width": [
                0.01577128721464703,
                0.10875067138613566,
                0.008881744776112331,
                0.08018681500204733,
                0.05320027196258094,
                0.18908395238139014,
                0.22660424622567008,
                0.24892425918493014,
                0.39568447632623927,
                0.16154311081433975,
                0.6111399118524692,
                0.04615188569648521,
                0.5097134809801166,
                0.08015226606935207,
                0.44337055716282514,
                0.7177493957848536,
                0.06302740490929637,
                0.23614238592401518,
                0.083213668181989,
                0.2098665833796808,
                1.0122994225503028,
                0.2099593846377906,
                0.10050823951132373,
                0.5060999749169106,
                0.21323740284362877
            ],
            "fit": [
                1.2291852271627133,
                0.0011218309769557154
            ],