{
    "engcal": [
        -0.26926665188089427,
        0.3844465319472371,
        -1.2638762490788093e-07
    ],
    "effcal": [
        0.018142841525419368,
        79.8648104463396,
        0.10000000000000002,
        49.999997751657844,
        0.1970830720305387
    ],
    "unc_effcal": [
        [
            0.0005843891248751186,
            10819418.54197141,
            1.74324901913392,
            8489.875769423412,
            -2.0759466482087787
        ],
        [
            10819418.541971408,
            9.082532721898588e+17,
            48240065080.076035,
            228071440308613.9,
            -56090149768.855286
        ],
        [
            1.74324901913392,
            48240065080.07604,
            6199.951752203626,
            29931260.580656786,
            -7329.322624481092
        ],
        [
            8489.875769423412,
            228071440308613.97,
            29931260.580656786,
            144599843461.572,
            -35403599.653496325
        ],
        [
            -2.0759466482087787,
            -56090149768.855286,
            -7329.322624481092,
            -35403599.65349632,
            8668.397859062135
        ]
    ],
    "rescal": [
        1.1482261828145433,
        0.0004593546928147643
    ],
    "_calib_data": {
        "engcal": {
            "channel": [
                206.20673243915354,
                210.60429325441754,
                418.29910291772984,
                581.5604816330608,
                720.0403219552522,
                788.9819686938092,
                927.4645198369083,
                999.9960172519063,
                1667.292387598771,
                1723.9570988143078,
                317.05726934639017,
                637.3856195733696,
                655.5636686024942,
                706.0839997346226,
                770.9593816509898,
                846.2368978025696,
                858.0931537479684,
                896.8313105623544,
                958.0455470263695,
                1070.9297710698731,
                1083.7502808773284,
                1156.4721294750086,
                1160.6941999999997,
                1272.9714515474511,
                1311.5291725716738,
                1355.4461505892516,
                1469.1830012797523,
                1475.4738304163957,
                1527.1469298165182,
                1710.2953577009027,
                1757.5625856458882,
                1767.7786925983148,
                1793.8999954110081,
                1856.5730015201589,
                1878.1243999999997,
                1873.6443221362588,
                1992.5746297378012,
                2002.8320513876574,
                2028.8186232173366,
                2110.9774106407017,
                2192.0035578492857,
                2259.2491314878143,
                2347.329054749355,
                2394.691808615099,
                2412.9428129602406,
                2424.086571542248,
                2507.196010399305,
                2511.1801458934497,
                2617.740576431455,
                2828.16491037935,
                2838.451344424624,
                2893.7333999999914,
                2896.7184297922327,
                3159.128588141689,
                3255.5937647118963,
                3367.559265751206,
                3383.6438111675775,
                3667.1200919282364,
                3796.327887220441,
                3980.5977637845895,
                2205.862350351114,
                2546.049063194671,
                2703.556057265863,
                3061.2088232977435,
                3225.5333133157947,
                3543.522264642843,
                4613.9205370616055,
                4717.388450402994,
                5115.926127016113,
                5248.649598047303,
                5299.85687257841,
                5495.698800000001,
                6767.875539556457,
                7838.382247752373
            ],
            "energy": [
                79.6142,
                80.9979,
                160.612,
                223.2368,
                276.3989,
                302.8508,
                356.0129,
                383.8485,
                661.657,
                661.657,
                121.7817,
                244.6974,
                251.633,
                271.08,
                295.9387,
                324.83,
                329.41,
                344.2785,
                367.7891,
                411.1165,
                416.02,
                443.9606,
                444.01,
                488.6792,
                503.467,
                520.24,
                563.986,
                566.438,
                586.2648,
                656.489,
                674.64,
                678.623,
                688.67,
                712.83,
                719.346,
                719.36,
                764.88,
                768.96,
                778.9045,
                810.451,
                841.574,
                867.38,
                901.19,
                919.337,
                926.31,
                930.59,
                963.367,
                964.057,
                1005.27,
                1085.837,
                1089.737,
                1109.18,
                1112.076,
                1212.948,
                1249.94,
                1292.78,
                1299.142,
                1408.013,
                1457.643,
                1528.1,
                846.77,
                977.372,
                1037.843,
                1175.101,
                1238.288,
                1360.212,
                1771.357,
                1810.757,
                1963.741,
                2015.215,
                2034.791,
                2113.135,
                2598.5,
                3009.645
            ],