{
    "engcal": [
        -0.022456471610210086,
        0.38386289072978175,
        1.8565743156893947e-08
    ],
    "effcal": [
        0.0012789505964839669,
        99.84751457102742,
        1.7670918478329884,
        1.2973054865528797,
        1.3803988421244113
    ],
    "unc_effcal": [
        [
            2.142763054350337e-05,
            -2.5373202258945252e-17,
            0.002949949599616321,
            0.019258634154162298,
            -0.05370167845299017
        ],
        [
            -2.5373202258945252e-17,
            3.009273075688665e-29,
            -3.516755890671805e-15,
            -2.2877419295473952e-14,
            6.368592105985287e-14
        ],
        [
            0.0029499495996163213,
            -3.516755890671805e-15,
            0.4236948448308231,
            2.6915104169963304,
            -7.441507505784593
        ],
        [
            0.0192586341541623,
            -2.2877419295473952e-14,
            2.6915104169963304,
            17.423178610531316,
            -48.41293727301887
        ],
        [
            -0.05370167845299017,
            6.368592105985286e-14,
            -7.441507505784593,
            -48.41293727301886,
            134.78044744385141
        ]
    ],
    "rescal": [
        1.1472620552760144,
        0.0004376720061388561
    ],
    "_calib_data": {
        "engcal": {
            "channel": [
                317.114114865622,
                637.4755288411791,
                770.8052900183758,
                857.9819879980405,
                896.9288827305614,
                958.1835755262395,
                1071.048877013652,
                1156.6140537169729,
                1272.8760104118132,
                1311.4932217266085,
                1469.2682794641773,
                1527.1401409355753,
                1757.8826474647215,
                1767.6311248322354,
                1794.0475056528055,
                1873.9020830276893,
                1992.4917977515997,
                2028.9913325977252,
                2111.091768910018,
                2259.387216289151,
                2394.983783369147,
                2412.7229829075145,
                2511.141062374167,
                2618.2853863427267,
                2828.3950007139074,
                2838.7115921491823,
                2892.1621232247785,
                2896.8904185634024,
                3159.3556609197835,
                3255.6330039277614,
                3368.0598284542893,
                3383.7962068645284,
                3667.3617104435975,
                3801.5366799719923,
                3980.2293255188206
            ],
            "energy": [
                121.7817,
                244.6974,
                295.9387,
                329.41,
                344.2785,
                367.7891,
                411.1165,
                443.9606,
                488.6792,
                503.467,
                563.986,
                586.2648,
                674.64,
                678.623,
                688.67,
                719.346,
                764.88,
                778.9045,
                810.451,
                867.38,
                919.337,
                926.31,
                964.057,
                1005.27,
                1085.837,
                1089.737,
                1109.18,
                1112.076,
                1212.948,
                1249.94,
                1292.78,
                1299.142,
                1408.013,
                1457.643,
                1528.1
            ],
            "unc_channel": [
                0.02386083215680709,
                0.015828713967730623,
                0.02311471538067776,
                0.13763532176355645,
                0.011038820099350356,
                0.017877703223750322,
                0.013809732494017918,
                0.009487418820111596,
                0.03073588840931816,
                0.14449376774024839,
                0.045036940999027046,
                0.05263284875486692,
                0.11894147358443963,
                0.048773967069627555,
                0.027589423237240892,
                0.090795511511451,
                0.09962746897383502,
                0.006516845531943113,
                0.058866270597825905,
                0.014906895808017705,
                0.05416922696526198,
                0.09207168187863347,
                0.008849146906226403,
                0.03836551476160257,
                0.009964813588887839,
                0.02830233016566489,
                0.4653061285524183,
                0.028232306342742437,
                0.022017697311846312,
                0.08683945428555558,
                0.18691750845268373,
                0.024446341454457256,
                0.013757044876493634,
                0.0957390850033707,
                0.07083301199266118
            ],
            "fit": [
                -0.022456471610210086,
                0.38386289072978175,
                1.8565743156893947e-08
            ],
            "unc": [
                [
                    0.0033126361173921363,
                    -3.3744909041798222e-06,
                    7.507673259132661e-10
                ],
                [
                    -3.3744909041798222e-06,
                    3.878719415642789e-09,
                    -9.224733871226376e-13
                ],
                [
                    7.507673259132661e-10,
                    -9.224733871226376e-13,
                    2.30786056144769e-16
                ]
            ]
        },
        "rescal": {
            "channel": [
                317.114114865622,
                637.4755288411791,
                770.8052900183758,
                857.9819879980405,
                896.9288827305614,
                958.1835755262395,
                1071.048877013652,
                1156.6140537169729,
                1272.8760104118132,
                1311.4932217266085,
                1469.2682794641773,
                1527.1401409355753,
                1757.8826474647215,
                1767.6311248322354,
                1794.0475056528055,
                1873.9020830276893,
                1992.4917977515997,
                2028.9913325977252,
                2111.091768910018,
                2259.387216289151,
                2394.983783369147,
                2412.7229829075145,
                2511.141062374167,
                2618.2853863427267,
                2828.3950007139074,
                2838.7115921491823,
                2892.1621232247785,
                3159.3556609197835,
                3255.6330039277614,
                3368.0598284542893,
                3383.7962068645284,
                3667.3617104435975,
                3980.2293255188206
            ],